AoA,c_l_cvae,c_d_cvae,c_l_over_c_d_cvae,c_l_bird_0.0,c_d_bird_0.0,c_l_over_c_d_bird_0.0,c_l_bird_0.2,c_d_bird_0.2,c_l_over_c_d_bird_0.2,c_l_bird_0.4,c_d_bird_0.4,c_l_over_c_d_bird_0.4,c_l_bird_0.6,c_d_bird_0.6,c_l_over_c_d_bird_0.6,c_l_bird_0.8,c_d_bird_0.8,c_l_over_c_d_bird_0.8,c_l_bird_1.0,c_d_bird_1.0,c_l_over_c_d_bird_1.0
0.0,4.123418133658227e-5,0.045830654510993954,0.0008997074507563693,0.0,0.1425261917881497,0.0,0.0,0.11402095343051977,0.0,0.0,0.08551571507288983,0.0,0.0,0.057010476715259883,0.0,0.0,0.028505238357629935,0.0,0.0,0.0,NaN
1.0,0.01484514270213785,0.047045489169103186,0.3155486947702374,0.004685377382636835,0.1453203350663358,0.032241718824127776,0.005750576209302559,0.11629121788103496,0.049449789193758,0.006815775035968281,0.08726210069573413,0.07810693281076919,0.007880973862634005,0.05823298351043332,0.13533522391518904,0.008946172689299727,0.02920386632513249,0.3063352156765887,0.01001137151596545,0.00017474913983168042,57.28996163076095
2.0,0.029852863365695766,0.0511106122038001,0.5840834628757624,0.009272846631140752,0.1535942750448651,0.06037234544342321,0.011495562083426381,0.12301780195779476,0.09344632972202109,0.013718277535712009,0.09244132887072443,0.14839983050110067,0.01594099298799764,0.06186485578365412,0.2576744548430606,0.01816370844028327,0.03128838269658378,0.5805256416230958,0.020386423892568895,0.0007119096095134637,28.636253282915327
3.0,0.04491970346131962,0.05738349723831978,0.7827982891102524,0.013675241621217228,0.1670350363393935,0.08187049807581034,0.01723472352388136,0.13395791142233698,0.12865775034028734,0.020794205426545486,0.1008807865052805,0.2061265196961667,0.024353687329209617,0.06780366158822401,0.35917953040812345,0.02791316923187375,0.03472653667116751,0.8037993968759138,0.03147265113453788,0.0016494117541110275,19.081136687728094
4.0,0.06024543319426404,0.06626246213533438,0.9091940029517593,0.01782486071037017,0.18516024168051687,0.09626721454126162,0.02297727742797129,0.14873777255584247,0.15448179055757102,0.028129694145572415,0.11231530343116804,0.2504529061154305,0.033282110863173536,0.07589283430649363,0.4385408868611172,0.038434527580774654,0.03947036518181919,0.9737565741722181,0.04358694429837577,0.0030478960571447777,14.300666256711967
5.0,0.0758818577803886,0.0775169847640861,0.9789062101851121,0.021678679957288324,0.2073692305590022,0.1045414495624516,0.028743820987190534,0.16689283194082397,0.17222921232100835,0.035808962017092744,0.1264164333226457,0.2832619231211776,0.04287410304699496,0.08594003470446747,0.49888393918423923,0.04993924407689716,0.04546363608628921,1.0984436876565113,0.05700438510679938,0.004987237468110973,11.430052302761323
6.0,0.09190083195477847,0.09076505809686591,1.0125133380810536,0.02521944909325309,0.23300120963926343,0.10823741701726908,0.03456578163948254,0.18791344102837448,0.183945232710965,0.043912114185711976,0.14282567241748556,0.3074525289638055,0.05325844673194142,0.09773790380659662,0.5449108754913449,0.06260477927817087,0.05265013519570767,1.1890715768432587,0.0719511118244003,0.007562366584818747,9.514364454222607
7.0,0.1081845396145618,0.106179470228145,1.0188837765163883,0.02845301268377967,0.26139118577372383,0.1088522269775781,0.04048269896402071,0.21128872650044664,0.1915989538795158,0.052512385244261744,0.16118626722716956,0.3257869677585676,0.06454207152450278,0.11108380795389237,0.5810214171924345,0.07657175780474382,0.06098134868061523,1.2556586474625555,0.08860144408498484,0.010878889407338114,8.144346427974597
8.0,0.1249120357552935,0.12352188699600873,1.0112542707457965,0.03140294008223829,0.2919161986465321,0.1075751884542134,0.04653811890482812,0.23654274866457584,0.19674295309225673,0.06167329772741793,0.18116929868261952,0.3404180408925685,0.07680847655000775,0.12579584870066324,0.6105803756114154,0.09194365537259759,0.07042239871870688,1.3056024368021681,0.1070788341951874,0.015048948736750603,7.115369722384214
9.0,0.1417094849588055,0.1423898222995028,0.9952220086400116,0.0341039045510374,0.32402741167909715,0.10525006009310238,0.05277507792606567,0.2632594582555234,0.20046792725236648,0.07144625130109393,0.20249150483194975,0.35283579605173104,0.09011742467612219,0.14172355140837603,0.6358676718201132,0.10878859805115046,0.08095559798480234,1.3438057498083475,0.1274597714261787,0.020187644561228648,6.313751514675039
10.0,0.15904919564873893,0.1632346826282284,0.9743590828119412,0.03659519721617959,0.3572669687669674,0.10243095616278297,0.05923206996988415,0.29109561056562827,0.20347977715909296,0.08186894272358872,0.22492425236428917,0.36398450528577553,0.10450581547729326,0.15875289416295016,0.6582923481698824,0.12714268823099784,0.09258153596161102,1.3733050214647293,0.14977956098470238,0.02641017776027196,5.671281819617712
11.0,0.1763647389156554,0.18593996922290257,0.9485036469175248,0.03891539820688459,0.39127132282841126,0.09945885613485303,0.06594010279383151,0.3197830061214296,0.20620264845716163,0.09296480738077846,0.24829468941444793,0.374413192646274,0.11998951196772537,0.1768063727074663,0.6786492484988261,0.14701421655467234,0.1053180560004846,1.3959070470688888,0.17403892114161923,0.033829739293502956,5.14455401597031
12.0,0.19398724690843866,0.21014738538873443,0.9231009300905532,0.04109872601667916,0.4257644777497595,0.09652925071131624,0.07292108688626348,0.3491227945886939,0.2088694522859006,0.10474344775584778,0.27248111142762815,0.38440627024404944,0.1365658086254321,0.1958394282665625,0.6973356174199435,0.1683881694950164,0.11919774510549676,1.4126791521599953,0.20021053036460068,0.04255606194443108,4.704630109478455
13.0,0.21183322149734019,0.23605393979956268,0.8973932893355276,0.0431731129630715,0.4605451573446739,0.09374349566933034,0.08018747616674099,0.3789750246532437,0.21159039765248724,0.11720183937041047,0.29740489196181347,0.3940817469319203,0.15421620257407992,0.2158347592703832,0.7145105037548113,0.19123056577774944,0.13426462657895302,1.4242810682923857,0.2282449289814189,0.05269449388752278,4.331475874284157
14.0,0.229295469266469,0.2628367787956338,0.8723873056013804,0.04515971969062197,0.4954715492305182,0.09114493003837724,0.08774286768335203,0.4092463271721017,0.21440111213619575,0.1303260156760821,0.32302110511368515,0.40345975421703395,0.17290916366881215,0.2367958830552686,0.7302034200841863,0.21549231166154226,0.15057066099685204,1.4311706559224544,0.2580754596542723,0.06434543893843554,4.010780933535846
15.0,0.24675109950607454,0.29176479515795567,0.8457192354975123,0.04707344172163412,0.5304463567068981,0.08874307670595405,0.0955831860709399,0.43987789032780833,0.2172948178861839,0.14409293042024565,0.34930942394871844,0.41250799589477927,0.19260267476955148,0.25874095756962856,0.7443841770498244,0.24111241911885725,0.1681724911905387,1.433720921965043,0.28962216346816305,0.0776040248114489,3.732050807568877
16.0,0.2643096949169951,0.322003648018121,0.8208282624863954,0.04892395262130635,0.5654038172843271,0.08652922234641326,0.10369810372590776,0.4708350324490102,0.22024296532594548,0.15847225483050917,0.3762662476136933,0.42117052973938324,0.21324640593511057,0.2816974627783766,0.7570050643405355,0.268020557039712,0.18712867794305973,1.4322794345892103,0.32279470814431344,0.09255989310774294,3.48741444384091
17.0,0.2814729304787602,0.3540008782198722,0.7951192999694638,0.05071691615670837,0.6002993966333237,0.08448603553684296,0.11207243509753922,0.5020989253913034,0.2232078768346242,0.17342795403837008,0.403898454149283,0.4293850403652949,0.23478347297920094,0.3056979829072628,0.7680242792129425,0.29613899192003185,0.20749751166524238,1.4271929795370055,0.35749451086086265,0.10929704042322204,3.2708526184841396
18.0,0.2982357981204939,0.3878573159127133,0.7689317331005596,0.05245512511263261,0.6351021848942214,0.08259320525148123,0.12068734908440537,0.5336604820650723,0.22615005821189746,0.18891957305617815,0.43221877923592317,0.43709246828689485,0.2571517970279509,0.33077707640677406,0.7774172255870528,0.3253840209997237,0.22933537357762493,1.4188130506155363,0.39361624497149644,0.12789367074847588,3.077683537175253
19.0,0.31403279404827267,0.4212869796851079,0.7454130063145966,0.0541394431186385,0.6697896309146532,0.08083051844906379,0.12952133609552047,0.5655161130724837,0.22903208786010198,0.2049032290724024,0.46124259523031447,0.44424177470011655,0.28028512204928435,0.35696907738814504,0.7851803974172263,0.3556670150261663,0.25269555954597545,1.4074921445600481,0.43104890800304824,0.14842204170380605,2.9042108776758235
20.0,0.3296515138893532,0.4572655803500522,0.7209191508291393,0.05576951467211167,0.7043440963770358,0.07917935985972717,0.13855093111173963,0.5976649373000722,0.23182041050900193,0.2213323475513676,0.4909857782231087,0.45079176906584867,0.3041137639909956,0.3843066191461452,0.7913310592117238,0.38689518043062354,0.27762746006918154,1.3935767749134533,0.46967659687025154,0.1709483009922181,2.7474774194546225
21.0,0.3450689786916476,0.49459805759231434,0.6976755638132326,0.05734426213711391,0.7387507149369616,0.07762329156190008,0.1477512296092291,0.630107035248747,0.2344859227780268,0.2381581970813443,0.5214633555605328,0.45671128094004354,0.32856516455345947,0.41281967587231855,0.7959048072482905,0.4189721320255747,0.30417599618410396,1.377400377681314,0.5093790994976899,0.19553231649588979,2.6050890646938014
22.0,0.35927410348056815,0.5326363318246553,0.6745204598601091,0.05886221247925942,0.772996125128064,0.07614813395022851,0.15709624567785926,0.6628424012947074,0.2370039173278724,0.25533027887645915,0.5526886774613509,0.46197848678438724,0.35356431207505895,0.4425349536279944,0.7989522842805173,0.4517983452736588,0.3323812297946378,1.359277554730762,0.5500323784722587,0.2222275059612812,2.475086853416296
23.0,0.3728600831403062,0.571418287470776,0.6525168887937899,0.06032170067049544,0.8070677542867039,0.07474180494772521,0.1665591596732282,0.6958703378752354,0.23935372814107658,0.272796618675961,0.5846729214637669,0.4665798751086279,0.3790340776786937,0.4734755050522984,0.8005357692935497,0.48527153668142653,0.3622780886408298,1.3395001019852875,0.5915089956841593,0.25108067222936137,2.355852365823753
24.0,0.3861124057491218,0.612323929033972,0.6305688663160184,0.06172099043006567,0.8409534317744782,0.073394064520112,0.1761124938885273,0.729189115199884,0.24151827038758203,0.2905039973469889,0.6174247986252899,0.470509117861483,0.40489550080545045,0.5056604820506958,0.8007260111832449,0.519287004263912,0.3938961654761016,1.3183347536177479,0.6336785077223737,0.2821318489015075,2.246036773904216
25.0,0.39821786174904966,0.6533678268585679,0.6094849568331292,0.06305834305195215,0.8746411895553424,0.07209624221334728,0.18572824424418305,0.7627957836504663,0.2434835747981648,0.308398145436414,0.65095037774559,0.4737659827535192,0.43106804662864484,0.5391049718407138,0.7995994641949064,0.5537379478208758,0.42725956593583775,1.2960223526137074,0.6764078490131067,0.3154141600309616,2.144506920509559
26.0,0.40987571670408585,0.6953983979617068,0.589411361753894,0.06433205542613021,0.9081191646304927,0.07084098423614535,0.1953779866853853,0.7966860709626443,0.2452383615158578,0.3264239179446404,0.6852529772947962,0.4763553443186466,0.45746984920389544,0.5738198836269476,0.7972359659486917,0.5885157804631506,0.46238678995909926,1.2727781010249193,0.7195617117224057,0.350953696291251,2.0503038415792965
27.0,0.4199302659986411,0.73796290575488,0.5690398023042694,0.06554048067426946,0.9413755545527573,0.06962203379649837,0.20503296988986863,0.8308543254860083,0.24677366850071408,0.34452545910546784,0.7203330964192594,0.4782863106222483,0.4840179483210669,0.6098118673525107,0.7937168399533183,0.6235104375366661,0.49929063828576165,1.2487925663445127,0.7630029267522653,0.38876940921901276,1.9626105055051504
28.0,0.4290577776581087,0.7820392442245196,0.5486397016860298,0.06668203940104635,0.9743985995280073,0.06843404684011935,0.2146642010275698,0.8652934845312734,0.24808253484521808,0.3626463626540932,0.7561883695345396,0.47957146296406905,0.5106285242806167,0.6470832545378058,0.7891233789465699,0.6586106859071402,0.5379781395410719,1.2242331751044295,0.8065928475336636,0.42887302454433807,1.8807264653463318
29.0,0.4384227957062347,0.8260383821941466,0.5307535402188983,0.06775522607033595,1.0071765773514303,0.06727244019962388,0.2242425282395414,0.8999950569297626,0.2491597331706698,0.38072983040874686,0.7928135365080947,0.4802261980612128,0.5372171325779522,0.685632016086427,0.7835356575738341,0.6937044347471576,0.5784504956647594,1.1992459855185147,0.8501917369163631,0.4712689752430914,1.8040477552714234
30.0,0.4463363660823171,0.870207541338894,0.5129079499766087,0.06875861292267943,1.0396978043329124,0.06613326741302114,0.23373872168525778,0.9349491144073411,0.2500015434887314,0.3987188304478361,0.8302004244817697,0.48026816018159185,0.5636989392104146,0.7254517345561984,0.7770316236892899,0.7286790479729929,0.6207030446306272,1.1739575861217515,0.8936591567355714,0.515954354705056,1.7320508075688776
31.0,0.4528220209582173,0.9152364866252478,0.4947595813491967,0.06969085267065803,1.0719506389338174,0.0650131173390352,0.24312355399257346,0.9701442891982119,0.2506055611516365,0.4165562553144889,0.8683379394626065,0.479716751259637,0.5899889566364043,0.7665315897270012,0.7696864219862455,0.7634216579583197,0.6647252399913959,1.1484770128003585,0.936854359280235,0.5629188902557903,1.6642794823505183
32.0,0.4591266345533827,0.9600987751129979,0.4782077078468788,0.07055068057854641,1.1039234866012795,0.06390903122802047,0.25236788040656516,1.005567776713502,0.25097053251982604,0.43418508023458385,0.9072120668257246,0.47859270848740904,0.6160022800626026,0.8088563569379471,0.7615719092504584,0.7978194798906213,0.7105006470501696,1.122897611990895,0.9796366797186401,0.612144937162392,1.6003345290410504
33.0,0.4642882260294904,1.0060044703421962,0.4615170605271376,0.07133691621173716,1.135604805123221,0.06281843462611679,0.2614427186613583,1.0412053427329055,0.2510962131399903,0.4515485211109795,0.9468058803425908,0.4769177404639606,0.6416543235606005,0.8524064179522758,0.7527563261454997,0.8317601260102218,0.7580069555619608,1.0972988043277028,1.0218659284598426,0.6636074931716459,1.539864963814583
34.0,0.4687822359581801,1.0513429500542972,0.4458889803122469,0.07204846498506308,1.1669831102097656,0.061739081186969656,0.2703193284674244,1.0770413348799368,0.2509832442944804,0.4685901919497857,0.9870995595501083,0.47471421440341405,0.666861055432147,0.8971577842202796,0.7433040956242902,0.8651319189145084,0.807216008890451,1.0717477222777891,1.0634027823968697,0.7172742335606224,1.48256096851274
35.0,0.47216830335019333,1.0973104316140228,0.43029601263854367,0.07268431956596698,1.1980469811754053,0.06066900606406629,0.27896929044611407,1.1130586982639203,0.2506330446734148,0.48525426132626115,1.0280704153524354,0.47200488806976315,0.6915392322064081,0.9430821324409508,0.7332757226738228,0.8978242030865554,0.8580938495294657,1.0463007089246426,1.1041091739667024,0.773105566617981,1.4281480067421142
36.0,0.4757211238060553,1.141788496478561,0.4166455742663788,0.07324356115550223,1.2287850666681954,0.059606487043417124,0.28736458431684875,1.1492389952177022,0.2500477146291166,0.5014856074781952,1.0696929237672088,0.46881268103754475,0.7156066306395418,0.9901468523167158,0.7227277741328844,0.9297276538008881,0.9106007808662226,1.021004674426559,1.143848676962235,0.8310547094157295,1.3763819204711738
37.0,0.47599708901785637,1.1881076859186526,0.40063463494036095,0.07372536065583618,1.2591860904219996,0.05855001196139969,0.2954776661322513,1.185562429072483,0.24922995102283757,0.5172299716086665,1.1119387677229668,0.46516048061518017,0.7389822770850815,1.0383151063734504,0.7117129208166331,0.9607345825614967,0.964691445023934,0.9958983128928451,1.1824868880379118,0.8910677836744176,1.3270448216204103
38.0,0.47678843538589094,1.233531000315576,0.38652326959266814,0.07412897972695497,1.2892388570197302,0.05749825125370117,0.30328154435388976,1.2220078719096155,0.24818297109654108,0.5324341089808245,1.1547768867995007,0.4610709783571109,0.7615866736077592,1.0875459016893863,0.7002800271921542,0.9907392382346941,1.0203149165792715,0.9710131863564894,1.2198918028616288,0.9530839314691567,1.2799416321930788
39.0,0.47768389546566137,1.278022772756221,0.37376790590004466,0.07445377173289473,1.3189322576601634,0.056450034715944085,0.31074985456225646,1.2585528962219616,0.2469104441260225,0.5470459373916182,1.1981735347837597,0.4565665335700695,0.7833420202209798,1.1377941733455579,0.6884742764305509,1.0196381030503416,1.0774148119073557,0.9463746848303195,1.255934185879703,1.0170354504691537,1.2348971565350515
40.0,0.47644576945646566,1.3228315046036867,0.3601711690403127,0.07469918257695696,1.348255275922662,0.0554043317396533,0.3178569325973818,1.295173810408079,0.24541642985911868,0.5610146826178064,1.242092344893496,0.45166906061715645,0.8041724326382312,1.1890108793789131,0.6763373208647977,1.047330182658656,1.1359294138643303,0.9220028726043218,1.2904879326790808,1.082847948349747,1.1917535925942102
41.0,0.4751317023485583,1.3678046554483039,0.3473680985482768,0.07486475142511026,1.3771969935247765,0.05436023443058976,0.32457788593031,1.3318456980124618,0.24370532293244154,0.5742910204355097,1.286494402500148,0.4463999371621391,0.8240041549407094,1.2411431069878338,0.6639074497545323,1.0737172894459093,1.1957918114755195,0.8979132313349937,1.3234304239511092,1.1504405159632054,1.1503684072210096
42.0,0.47229407630444153,1.412151083743687,0.3344501036336459,0.07495011131676914,1.40574659606791,0.053316943129306626,0.33088866307024817,1.3685424606149312,0.24178180260594107,0.5868272148237272,1.3313383251619522,0.4407799307905764,0.8427657665772063,1.294134189708973,0.6512197678408672,1.0987043183306853,1.2569300542559942,0.8741173103550568,1.3546428700841642,1.219725918803015,1.1106125148291928
43.0,0.4709043852900885,1.4551921876261995,0.32360288166352597,0.07495498966222168,1.4338933787663115,0.05227375394306598,0.3367661208173857,1.4052368642622686,0.2396507872672296,0.5985772519725499,1.3765803497582256,0.4348291417044275,0.8603883831277135,1.3479238352541825,0.6383063795036069,1.1221995142828778,1.3192673207501393,0.8506232941817977,1.3840106454380416,1.2906108062460964,1.0723687100246824
44.0,0.46692376628526194,1.4978948163723296,0.31171999607828227,0.07487920862609601,1.4616267521546527,0.05123004796930068,0.3421880891771249,1.441900589325427,0.2373173932449898,0.6094969697281538,1.422174426496202,0.42856695941985534,0.8768058502791827,1.4024482636669764,0.6251965744437528,1.1441147308302118,1.3827221008377513,0.8274364965577868,1.4114236113812404,1.3629959380085255,1.0355303137905698
45.0,0.4622720604502409,1.54074103476222,0.30003228967130263,0.07472268539638599,1.488936247769481,0.05018528194764901,0.3471334337577136,1.4785042836561897,0.2347868975389697,0.6195441821190412,1.468072319542898,0.4220120316088677,0.8919549304803687,1.4576403554296067,0.6119170117360568,1.1643656788416963,1.4472083913163152,0.8045597896116689,1.436776427203024,1.4367764272030237,1.0000000000000002
46.0,0.45698707214800194,1.583408439448537,0.2886097236586408,0.07448543233869467,1.515811523799817,0.049138980123317404,0.3515821154800198,1.515017618908019,0.23206470412761934,0.6286787986213449,1.514223714016221,0.41518224341757354,0.9057754817626699,1.5134298091244227,0.5984918998567207,1.182872164903995,1.5126359042326243,0.7819939759423324,1.45996884804532,1.5118419993408263,0.9656887748070742
47.0,0.45232999311790245,1.6250096810721268,0.2783552605172606,0.07416755703549086,1.5422423707021724,0.0480907271414952,0.3555152474354009,1.5514093498770796,0.22915631355681138,0.636862937835311,1.5605763290519865,0.40809470576949625,0.9182106282352209,1.569743308226894,0.5849431709139676,1.199558318635131,1.5789102874018006,0.7597381106491378,1.4809060090350412,1.5880772665767078,0.9325150861376619
48.0,0.4468372678061334,1.6649345168146634,0.2683812866472479,0.07376926221031531,1.568218716775281,0.04704016182258468,0.3589151487352909,1.5876473767110262,0.22606729554696228,0.6440610352602666,1.6070760366467713,0.40076575132320796,0.9292069217852422,1.6265046965825165,0.5712906478152928,1.2143528083102177,1.6459333565182617,0.7377897795807533,1.4994986948351936,1.6653620164540068,0.9004040442978399
49.0,0.44111844783559895,1.7051764303386416,0.2586937281017862,0.07329084553701155,1.5937306336898371,0.045986971692529445,0.361765395204217,1.6236988098251894,0.22280326438322967,0.6502399448714224,1.653666985960542,0.3932109369007732,0.938714494538628,1.6836351620958943,0.5575522035130566,1.2271890442058335,1.7136033382312463,0.716145339371548,1.515663593873039,1.743571514366599,0.8692867378162266
50.0,0.434340635105423,1.7448762644280984,0.24892345890657336,0.07273269933419703,1.6187683419685597,0.044930888162631036,0.3640508667764669,1.6595300373582553,0.2193698568758575,0.6553690342187368,1.700291732747951,0.38544505133807405,0.9466872016610067,1.7410534281376464,0.5437439117957742,1.2380053691032766,1.7818151235273418,0.6948001241859925,1.5293235365455464,1.8225768189170373,0.8390996311772801
51.0,0.4265703497563426,1.78338093414492,0.23919194244434985,0.0720953101453293,1.6433222164119217,0.04387168226980119,0.3657577914655067,1.695106794992448,0.2157727126963326,0.6594202727856842,1.7468913735729743,0.3774821278308509,0.9530827541058615,1.7986759521535005,0.529880189349707,1.2467452354260389,1.8504605307340272,0.6737486235015718,1.5404077167462162,1.9022451093145534,0.8097840331950071
52.0,0.41933208796066235,1.8207937894923358,0.23030180044582552,0.07137925820486103,1.667382791464905,0.042809160901888445,0.36687378578449814,1.7303942379566197,0.21201745691070403,0.6623683133641352,1.7934056844483341,0.3693354599619689,0.957862840943772,1.8564171309400488,0.5159739290160135,1.2533573685234092,1.9194285774317634,0.6529846347293777,1.548851896103046,1.982440023923478,0.7812856265067172
53.0,0.4118550066164317,1.8573721440462292,0.22174070389535291,0.07058521679111661,1.690940766520191,0.04174316344408376,0.36738789150584067,1.7653570150245355,0.20810968454487638,0.6641905662205647,1.8397732635288797,0.36101762069668136,0.9609932409352887,1.9141895120332242,0.502036624322811,1.257795915650013,1.9886057605375687,0.6325013939967669,1.5545985903647368,2.0630220090419127,0.7535540501027943
54.0,0.40340616365368537,1.8934052542660877,0.2130585424038298,0.06971395146666028,1.7139870111532112,0.04067355879188085,0.3672906086575536,1.799959344315026,0.20405494702844298,0.6648672658484468,1.8859316774768407,0.3525404837241838,0.9624439230393401,1.9719040106386554,0.48807848548754973,1.2600205802302336,2.0578763438004697,0.6122916879948372,1.5575972374211269,2.143848676962285,0.7265425280053609
55.0,0.3943308340766165,1.9301255363190908,0.20430320549441466,0.06876631920706286,1.7365125702845423,0.03960024268398755,0.36657392466447675,1.8341650906955935,0.19985874037405013,0.6643815301218906,1.9318176111066443,0.3439152466061735,0.9621891355793044,2.0294701315176953,0.4741085471702666,1.2599967410367183,2.1271226519287465,0.5923479494208899,1.5578043464941322,2.2247751723397977,0.7002075382097096
56.0,0.3863078680394543,1.9645249638638436,0.19664187279130366,0.06774326741911012,1.758508669265177,0.038523135315231515,0.3652313395526982,1.8679378445865207,0.195526494958693,0.6627194116862863,1.9773670199078641,0.3351524552670884,0.9602074838198744,2.0867961952292076,0.46013476831857464,1.2576955559534624,2.1962253705505512,0.5726623382181322,1.5551836280870506,2.3056545458718953,0.6745085168424265
57.0,0.3770521164153198,1.9986135093384279,0.18865684368366445,0.0666458328496293,1.7799667188802353,0.037442179195100754,0.3632578871462551,1.9012410019585086,0.19106356678193637,0.6598699414428809,2.0225152850367816,0.3262620294268285,0.9564819957395067,2.143789568115055,0.44616412448564224,1.2530940500361325,2.265063851193328,0.5532268105271961,1.5497061043327582,2.386338134271601,0.6494075931975106
58.0,0.36720327838101074,2.030643730266881,0.1808309714342409,0.06547514038624483,1.80087832026677,0.03635733722228706,0.3606501521960052,1.9340378453134588,0.18647523008400743,0.6558251640057655,2.0671973703601476,0.3172532886356698,0.9510001758155258,2.2003568954068364,0.43220269302707365,1.2461751876252862,2.3335164204535253,0.5340331770123514,1.5413501994350465,2.466675945500214,0.6248693519093276
59.0,0.35777930432055144,2.0622055357201794,0.1734935233774382,0.06423240175150415,1.8212352697413485,0.035268590949606646,0.3574062833915705,1.9662916254351253,0.18176667121413348,0.6505801650316368,2.111347981128902,0.308134978623364,0.9437540466717032,2.2564043368226785,0.4182557315949127,1.2369279283117696,2.401460692516455,0.5150731520055034,1.5301018099518358,2.546517048210232,0.6008606190275604
60.0,0.34863484355116303,2.093300941354902,0.16654788457005468,0.06291891409194543,1.8410295635331881,0.03417593901707662,0.353526002218404,1.997965643694085,0.17694298364648633,0.6441330903448627,2.154901723854982,0.2989152977206541,0.9347401784713212,2.311837804015879,0.4043277503497823,1.22534726659778,2.4687738841767755,0.49633839471952207,1.5159543547242385,2.625709964337673,0.5773502691896258
61.0,0.3380414430610659,2.1233892179713796,0.15919900138893062,0.06153605846380601,1.8602534024186717,0.033079395733827344,0.3490106076332803,2.0290233346897684,0.1720091640477082,0.6364851568027545,2.1977932669608644,0.2896019231521689,0.9239597059722289,2.366563199231961,0.3904225783076863,1.211434255141703,2.535333131503057,0.4778205436157068,1.4989088043111773,2.7041030637741534,0.554309051452769
62.0,0.3282233536790671,2.1526567833601398,0.15247361131426368,0.0600852982171966,1.8788991962531623,0.0319789897920105,0.34386297654284154,2.05942834901117,0.16697010930627745,0.6276406548684865,2.2399575017691777,0.2802020370354167,0.9114183331941313,2.4204866545271853,0.37654342422811937,1.1951960115197764,2.601015807285193,0.4595112448652362,1.4789736898454213,2.781544960043201,0.5317094316614788
63.0,0.3173404143497835,2.1801115053886937,0.1455615520423597,0.058568177280689235,1.8969595683961045,0.030874763097986917,0.33808756008119994,2.089144635897355,0.16183061443995259,0.6176069428817106,2.2813297033986055,0.2707223519518604,0.8971263256822212,2.473514770899856,0.36269293243632006,1.176645708482732,2.6656998384011072,0.44140217571851104,1.4561650912832425,2.857884905902358,0.5095254494944289
64.0,0.30745290052363045,2.2072118431460277,0.1392946950145961,0.05698631834838873,1.9144273600254962,0.029766769707903564,0.3316903756939853,2.118136525578925,0.15659537130323944,0.6063944330395818,2.321845691132354,0.26116913598329866,0.8810984903851783,2.525554856685783,0.34887323395597114,1.155802547730775,2.729264022239212,0.4234850634870063,1.4305066050763715,2.932973187792641,0.48773258856586155
65.0,0.2966060463218983,2.2336706155861523,0.13278862346678807,0.05534142097167534,1.9312956343378904,0.02865507485634023,0.32467899504759473,2.1463688110822954,0.15126896802226503,0.5940165691235141,2.3614419878267,0.2515482371304001,0.8633541431994333,2.5765151645711053,0.33508599331032846,1.1326917172753528,2.79158834131551,0.4057517007473897,1.402029291351272,3.0066615180599148,0.46630765815499864
66.0,0.2861919690240511,2.2582943319361353,0.12672925976778504,0.053635259557922914,1.9475576806301942,0.027539754068063093,0.31706252779371996,2.173806829279884,0.14585588908962677,0.580489796029517,2.400055977929574,0.24186510705066172,0.8439170642653139,2.6263051265792634,0.321332451330401,1.1073443325011112,2.852554275228954,0.3881939572954252,1.370771600736908,3.0788034238786435,0.4452286853085361
67.0,0.2746731435708496,2.2821318439811034,0.12035813982232131,0.0518696812786094,1.9632070182596166,0.026420892344095163,0.30885160123047056,2.200416540971163,0.14036051605672697,0.5658335211823318,2.437626063682709,0.23212482407063023,0.8228154411341928,2.6748355863942552,0.307613464288984,1.079797361086054,2.9120451091058017,0.37080378930586905,1.336779281037915,3.1492546318173478,0.42447481620960476
68.0,0.2637147832614275,2.3047618967208527,0.11442170388040218,0.05004660388934722,1.9782374004782313,0.02529858341433068,0.3000583359125388,2.226164609781955,0.13478712876579618,0.5500700679357303,2.4740918190856798,0.22233211544226886,0.8000817999589216,2.722019028389404,0.293929539659509,1.0500935319821134,2.9699462376931285,0.3535732460927513,1.3001052640053048,3.217873446996853,0.40402622583515674
69.0,0.2522787992559049,2.3273358613484727,0.10839810593978173,0.04816801346446795,1.9926428181387128,0.024172929049803674,0.29069631727384554,2.2510184796723776,0.12913990706826833,0.5332246210832232,2.5093941412060414,0.21249137882618543,0.7757529248926007,2.767769802739707,0.28028086877915687,1.0182812287019785,3.026145464273371,0.3364944748108747,1.260809532511356,3.284521125807036,0.38386403503541594
70.0,0.2408465510751897,2.348641996930351,0.10254715337202241,0.046235962048899515,2.006417503267929,0.023044038428489202,0.28078056333692214,2.2749464508473953,0.1234229329803935,0.5153251646249447,2.5434753984268617,0.20260670299530834,0.7498697659129673,2.8120043460063275,0.266667356676724,0.9844143672009898,3.0805332935857934,0.31955972339293065,1.2189589684890125,3.3490622411652597,0.36397023426620245
71.0,0.22937938239987754,2.3690344886265664,0.09682399454338837,0.044252565230175366,2.0195559325051677,0.021912027549186055,0.2703274885939065,2.2979177538681173,0.11764019323096331,0.4964024119576377,2.576279575231066,0.1926818877617797,0.7224773353213686,2.854641396594015,0.2530886493075399,0.9485522586850998,3.133003217956965,0.3027613419764222,1.1746271820488308,3.411365039319913,0.34432761328966527
72.0,0.21724211656626743,2.38801717332408,0.09097175639816277,0.04221999963351131,2.03205283040191,0.020777018688613924,0.2593548641544184,2.319902621766623,0.11179558215978813,0.47648972867532546,2.6077524131313363,0.18272046313751322,0.6936245931962325,2.8956022044960497,0.2395441584203901,0.9107594577171396,3.183451995860763,0.2860917830397133,1.1278943222380466,3.4713017872254754,0.3249196962329064
73.0,0.2058471305371576,2.404716219236763,0.08560142310783422,0.04014050034298007,2.043903172580171,0.019639139897369862,0.2478817742657163,2.3408723599723698,0.10589290492910179,0.45562304818845256,2.6378415473645687,0.1727257077452811,0.6633643221111887,2.9348107347567667,0.22603308426502927,0.871105596033925,3.2317799221489656,0.2695436004363456,1.0788468699566611,3.5287491095411645,0.30573068145866034
74.0,0.19420242764831955,2.4228401311707715,0.08015486665827866,0.03801635825190299,2.0551021887465546,0.018498524530836048,0.23592856932038328,2.360799413863936,0.09993588101338835,0.43384078038886353,2.666496638981317,0.16270066650247267,0.6317529914573436,2.9721938640986982,0.21255443633348572,0.8296652025258241,3.2778910892160793,0.2531094474905943,1.0275774135943043,3.5835883143334604,0.2867453857588079
75.0,0.18262665655602625,2.4368619257611437,0.07494337476629234,0.03584991734566499,2.0656453655593032,0.017355310811523597,0.22351681547632737,2.3796574337661602,0.09392814793622581,0.4111837136069898,2.693669501973018,0.15264816760401087,0.5988506117376521,3.007681570179875,0.199107052313998,0.7865175098683145,3.3216936383867326,0.236782074294578,0.9741844079989769,3.6357057065935905,0.2679491924311227
76.0,0.17032655292036858,2.452167226979365,0.06945959926647445,0.03364357192024024,2.0755284493457347,0.016209641419680683,0.21066924102308027,2.397421337219432,0.08787326522563525,0.38769491012592033,2.71931422509313,0.1425708388344281,0.5647205792287603,3.0412071129668274,0.18568961542308482,0.7417462483316003,3.3631000008405256,0.22055432432761998,0.9187719174344403,3.6849928887142234,0.24932800284318063
77.0,0.15767940641711,2.466125708657041,0.06393810577603372,0.03139976373979514,2.084747448667615,0.015061663109295598,0.19740967963721395,2.4140673683551324,0.08177471856210979,0.36341959553463277,2.74338728804265,0.13247112324192664,0.5294295114320515,3.072707207730167,0.17230067026892068,0.6954394273294704,3.4020271274176848,0.20441913050156804,0.8614493432268892,3.7313470471052015,0.2308681911255631
78.0,0.14601529108941705,2.4792344204748824,0.05889531457112018,0.029120979136808688,2.0932986367321353,0.013911526346890319,0.1837630106781426,2.4295731542188888,0.07563592409598495,0.3384050422194765,2.765847671705643,0.1223512942094851,0.4930470737608103,3.1021221891923956,0.15893863738783606,0.6476891053021443,3.4383967066791494,0.18836951072108585,0.8023311368434781,3.7746712241659037,0.2125565616700222
79.0,0.13376945658206243,2.4907530463062613,0.05370643098497459,0.026809746058220337,2.1011785536462892,0.012759384970732701,0.16975509668361594,2.4439177578913864,0.06946023291310781,0.3127004473090115,2.786656962136483,0.11221346995981496,0.45564579793440707,3.12939616638158,0.14560182658536827,0.5985911485598027,3.4721353706266767,0.17239856303522075,0.7415364991851983,3.8148745748717734,0.19438030913771864
80.0,0.12160572303782087,2.5007629882702487,0.048627448346048284,0.02446863106118156,2.1083840085126284,0.011605395868299673,0.15541271823181768,2.45708172826501,0.0632509356298691,0.28635680540245384,2.8057794480173914,0.10205962753230591,0.41730089257308983,3.1544771677697727,0.13228844920380994,0.5482449797437261,3.503174887522155,0.156499460445581,0.6791890669143621,3.851872607274536,0.17632698070846506
81.0,0.10955169529543204,2.511207712473846,0.04362510307341732,0.022100236262047847,2.1149120813644564,0.010449718670002425,0.14076350634413318,2.4690471463434607,0.05701126710058863,0.25942677642621853,2.8231822113224654,0.09189161627109256,0.37809004650830386,3.17731727630147,0.11899662942959743,0.4967533165903892,3.5314523412804744,0.1406654454269856,0.6154165866724746,3.885587406259479,0.15838444032453639
82.0,0.09751845142389638,2.5187556521810497,0.03871691616431823,0.019707196242305457,2.120760124938725,0.009292515457340965,0.12583587260933315,2.479797667940758,0.050744411221996265,0.23196454897636087,2.8388352109427912,0.08171117086409686,0.33809322534338854,3.1978727539448246,0.10572441474612279,0.44422190171041626,3.556910296946858,0.12488982420830871,0.5503505780774439,3.9159478399488914,0.14054083470239143
83.0,0.08467441861603042,2.5265414490344638,0.0335139637817497,0.017292174915179294,2.1259257662849964,0.008133950483791797,0.1106589372161113,2.489318562665616,0.04445350582113337,0.20402569951704327,2.8527113590462356,0.07151992397340066,0.29739246181797524,3.216104155426855,0.09246978563059133,0.3907592241189073,3.579496951807475,0.10916596085424589,0.4841259864198392,3.942889748188094,0.12278456090290461
84.0,0.07229037411339267,2.532217075724888,0.028548253151913682,0.014857862356716213,2.1304069082090193,0.006974189906850637,0.0952624550865938,2.4975967490871014,0.03814164761441704,0.17566704781647138,2.8647865899651825,0.0613194184976293,0.2560716405463489,3.231976430843265,0.07923066458734554,0.33647623327622656,3.599166271721346,0.09348727118275162,0.4168808260061041,3.9663561125994287,0.10510423526567642
85.0,0.06026888227998867,2.538861585730935,0.023738545897387837,0.012406971605181148,2.134201730549586,0.005813401529754257,0.07967674030860092,2.504620825987635,0.03181189722687161,0.14694650901202072,2.875039921425683,0.05111111950722148,0.21421627771544044,3.2454590168637307,0.06600492460460944,0.28148604641886027,3.6158781123017794,0.07784721654781476,0.34875581512228,3.986297207739827,0.08748866352592398
86.0,0.04837585536380987,2.54200371183963,0.019030599813247562,0.009942235432642206,2.1373086912875205,0.0046517545514929695,0.06393258906906095,2.5103810996198694,0.025467284261637343,0.1179229427054797,2.8834535079522183,0.04089642589355521,0.17191329634189842,3.256525916284567,0.05279039711682615,0.2259036499783172,3.6295983246169157,0.06223929751294452,0.27989400361473593,4.002670732949265,0.06992681194351033
87.0,0.03566193869077269,2.545030312104418,0.014012382689966778,0.007466403092654587,2.139726527485766,0.003489419323799197,0.04806120129505157,2.514869606894615,0.019110812410826343,0.08865599949744855,2.8900126863034643,0.030676681772925363,0.12925079769984552,3.2651557657123127,0.039584879550654054,0.16984559590224252,3.6402988451211615,0.046657047437156075,0.2104403941046395,4.01544192453001,0.052407779283041335
88.0,0.024501480571137223,2.547764968222506,0.009616852761827211,0.004982237047982041,2.1414542560597303,0.0023265671138590384,0.03209410121245224,2.5180801344378616,0.012745464599607334,0.05920596537692245,2.8947060128159925,0.02045318768634692,0.08631782954139265,3.271331891194124,0.02638614252920829,0.11342969370586285,3.6479577695722547,0.031094025992291895,0.14054155787033304,4.024583647950386,0.034920769491747834
89.0,0.012284567604002183,2.5492357966644827,0.004818921662749197,0.002492509682319663,2.1424911743771715,0.0011633698715441583,0.01606305703513807,2.5200082334659815,0.006374208156076215,0.02963360438795648,2.8975252925547923,0.010227211636115894,0.04320415174077488,3.2750423516436014,0.013191936806280564,0.0567746990935933,3.652559410732412,0.015543812628145266,0.0703452464464117,4.030076469821222,0.017455064928217672
90.0,0.0003786206399937656,2.5499140670626335,0.00014848368613061403,8.746235212034526e-18,2.142836860687081,4.0816150648211854e-18,5.637362912443175e-17,2.5206512304393605,2.2364708153061534e-17,1.0400102303682897e-16,2.8984656001916393,3.5881406710485945e-17,1.5162841694922617e-16,3.2762799699439182,4.6280665370554906e-17,1.992558108616234e-16,3.6540943396961976,5.4529465399130775e-17,2.4688320477402063e-16,4.0319087094484765,6.123233995736766e-17
